frequency,raw,error,smoothed,error_smoothed,equalization,parametric_eq,equalized_raw,equalized_smoothed,target
20.00,-5.57,-2.11,-5.61,-2.15,2.01,2.33,-3.56,-3.60,-3.46
20.20,-5.56,-2.13,-5.52,-2.09,2.06,2.30,-3.50,-3.46,-3.43
20.40,-5.47,-2.07,-5.45,-2.05,2.10,2.27,-3.37,-3.35,-3.40
20.61,-5.41,-2.03,-5.40,-2.03,2.12,2.23,-3.29,-3.28,-3.38
20.81,-5.33,-1.98,-5.36,-2.01,2.13,2.19,-3.20,-3.22,-3.35
21.02,-5.34,-2.02,-5.36,-2.04,2.13,2.15,-3.21,-3.23,-3.32
21.23,-5.41,-2.10,-5.39,-2.09,2.12,2.10,-3.30,-3.28,-3.31
21.44,-5.44,-2.14,-5.43,-2.13,2.09,2.06,-3.35,-3.34,-3.30
21.66,-5.42,-2.13,-5.42,-2.13,2.08,2.01,-3.35,-3.35,-3.29
21.87,-5.37,-2.08,-5.38,-2.09,2.04,1.96,-3.33,-3.34,-3.29
22.09,-5.30,-2.02,-5.30,-2.01,1.97,1.90,-3.33,-3.32,-3.28
22.31,-5.19,-1.91,-5.19,-1.91,1.88,1.85,-3.31,-3.31,-3.28
22.54,-5.05,-1.77,-5.06,-1.78,1.76,1.79,-3.30,-3.30,-3.28
22.76,-4.91,-1.63,-4.90,-1.62,1.62,1.74,-3.29,-3.28,-3.28
22.99,-4.74,-1.45,-4.75,-1.46,1.48,1.68,-3.26,-3.27,-3.29
23.22,-4.60,-1.31,-4.61,-1.32,1.35,1.62,-3.25,-3.26,-3.29
23.45,-4.49,-1.20,-4.49,-1.19,1.23,1.56,-3.26,-3.26,-3.29
23.69,-4.38,-1.09,-4.39,-1.10,1.13,1.50,-3.26,-3.26,-3.29
23.92,-4.32,-1.03,-4.32,-1.03,1.05,1.44,-3.27,-3.26,-3.29
24.16,-4.26,-0.98,-4.26,-0.98,1.00,1.38,-3.26,-3.27,-3.28
24.40,-4.23,-0.95,-4.24,-0.95,0.97,1.32,-3.27,-3.27,-3.28
24.65,-4.23,-0.94,-4.23,-0.94,0.95,1.26,-3.28,-3.28,-3.29
24.89,-4.23,-0.94,-4.23,-0.94,0.94,1.20,-3.29,-3.29,-3.29
25.14,-4.23,-0.94,-4.24,-0.95,0.93,1.14,-3.30,-3.31,-3.29
25.39,-4.23,-0.94,-4.23,-0.94,0.92,1.08,-3.32,-3.32,-3.29
25.65,-4.23,-0.94,-4.22,-0.93,0.90,1.03,-3.33,-3.32,-3.29
25.91,-4.18,-0.88,-4.18,-0.89,0.87,0.97,-3.31,-3.31,-3.30
26.16,-4.13,-0.83,-4.13,-0.83,0.83,0.91,-3.30,-3.30,-3.30
26.43,-4.07,-0.77,-4.08,-0.78,0.79,0.86,-3.29,-3.29,-3.30
26.69,-4.02,-0.72,-4.03,-0.73,0.73,0.80,-3.29,-3.30,-3.30
26.96,-3.98,-0.68,-3.97,-0.67,0.67,0.75,-3.31,-3.30,-3.30
27.23,-3.91,-0.61,-3.91,-0.61,0.61,0.69,-3.30,-3.30,-3.30
27.50,-3.84,-0.54,-3.85,-0.55,0.56,0.64,-3.29,-3.30,-3.30
27.77,-3.80,-0.49,-3.79,-0.49,0.50,0.59,-3.30,-3.29,-3.31
28.05,-3.74,-0.43,-3.75,-0.43,0.45,0.53,-3.30,-3.30,-3.31
28.33,-3.70,-0.38,-3.70,-0.39,0.39,0.48,-3.31,-3.32,-3.32
28.62,-3.65,-0.33,-3.65,-0.33,0.33,0.43,-3.33,-3.33,-3.32
28.90,-3.60,-0.28,-3.60,-0.27,0.26,0.38,-3.34,-3.34,-3.32
29.19,-3.52,-0.19,-3.52,-0.20,0.19,0.33,-3.34,-3.34,-3.33
29.48,-3.45,-0.13,-3.45,-0.12,0.11,0.28,-3.34,-3.34,-3.32
29.78,-3.35,-0.02,-3.36,-0.03,0.02,0.23,-3.33,-3.34,-3.33
30.08,-3.28,0.05,-3.27,0.06,-0.07,0.19,-3.36,-3.35,-3.33
30.38,-3.17,0.17,-3.18,0.16,-0.17,0.14,-3.34,-3.35,-3.34
30.68,-3.09,0.25,-3.09,0.25,-0.26,0.09,-3.35,-3.35,-3.34
30.99,-3.01,0.34,-3.01,0.34,-0.33,0.05,-3.35,-3.34,-3.35
31.30,-2.93,0.42,-2.94,0.41,-0.39,0.00,-3.32,-3.33,-3.35
31.61,-2.90,0.45,-2.90,0.46,-0.42,-0.04,-3.32,-3.31,-3.35
31.93,-2.88,0.48,-2.89,0.47,-0.41,-0.09,-3.30,-3.30,-3.36
32.24,-2.92,0.45,-2.92,0.44,-0.39,-0.13,-3.31,-3.31,-3.37
32.57,-2.98,0.39,-2.99,0.38,-0.35,-0.18,-3.33,-3.34,-3.37
32.89,-3.08,0.29,-3.08,0.30,-0.29,-0.22,-3.38,-3.37,-3.37
33.22,-3.16,0.22,-3.15,0.22,-0.25,-0.26,-3.41,-3.40,-3.38
33.55,-3.21,0.17,-3.22,0.16,-0.22,-0.31,-3.43,-3.44,-3.38
33.89,-3.24,0.15,-3.24,0.14,-0.22,-0.35,-3.46,-3.46,-3.39
34.23,-3.24,0.15,-3.21,0.18,-0.24,-0.39,-3.49,-3.46,-3.39
34.57,-3.13,0.27,-3.14,0.26,-0.30,-0.43,-3.44,-3.44,-3.40
34.92,-3.01,0.40,-3.02,0.38,-0.39,-0.48,-3.41,-3.42,-3.41
35.27,-2.89,0.52,-2.89,0.53,-0.50,-0.52,-3.40,-3.39,-3.41
35.62,-2.76,0.66,-2.77,0.65,-0.62,-0.56,-3.39,-3.39,-3.42
35.97,-2.65,0.78,-2.65,0.77,-0.74,-0.60,-3.39,-3.40,-3.43
36.33,-2.56,0.87,-2.56,0.87,-0.85,-0.64,-3.41,-3.41,-3.43
36.70,-2.48,0.96,-2.48,0.96,-0.94,-0.68,-3.42,-3.42,-3.44
37.06,-2.43,1.02,-2.42,1.02,-1.00,-0.72,-3.43,-3.43,-3.45
37.43,-2.37,1.08,-2.39,1.07,-1.05,-0.76,-3.42,-3.44,-3.45
37.81,-2.37,1.09,-2.37,1.09,-1.08,-0.80,-3.45,-3.45,-3.46
38.19,-2.37,1.10,-2.37,1.10,-1.10,-0.84,-3.47,-3.47,-3.47
38.57,-2.37,1.10,-2.37,1.10,-1.11,-0.88,-3.49,-3.49,-3.47
38.95,-2.37,1.11,-2.38,1.10,-1.13,-0.92,-3.50,-3.50,-3.48
39.34,-2.37,1.12,-2.37,1.12,-1.14,-0.96,-3.51,-3.51,-3.49
39.74,-2.37,1.13,-2.36,1.14,-1.15,-1.00,-3.52,-3.51,-3.50
40.14,-2.32,1.18,-2.34,1.17,-1.17,-1.04,-3.49,-3.51,-3.50
40.54,-2.32,1.19,-2.31,1.19,-1.19,-1.08,-3.51,-3.50,-3.51
40.94,-2.28,1.23,-2.29,1.22,-1.21,-1.12,-3.49,-3.50,-3.51
41.35,-2.28,1.24,-2.28,1.24,-1.23,-1.16,-3.52,-3.51,-3.52
41.76,-2.26,1.26,-2.25,1.27,-1.26,-1.20,-3.52,-3.51,-3.52
42.18,-2.23,1.29,-2.24,1.28,-1.28,-1.23,-3.51,-3.52,-3.52
42.60,-2.23,1.30,-2.24,1.29,-1.30,-1.27,-3.53,-3.53,-3.53
43.03,-2.23,1.30,-2.23,1.31,-1.32,-1.31,-3.55,-3.54,-3.53
43.46,-2.23,1.31,-2.22,1.33,-1.33,-1.35,-3.56,-3.55,-3.54
43.90,-2.18,1.38,-2.20,1.36,-1.35,-1.39,-3.53,-3.55,-3.56
44.33,-2.18,1.39,-2.19,1.38,-1.37,-1.43,-3.55,-3.56,-3.57
44.78,-2.18,1.40,-2.18,1.41,-1.40,-1.46,-3.58,-3.57,-3.58
45.23,-2.18,1.41,-2.17,1.42,-1.42,-1.50,-3.61,-3.60,-3.59
45.68,-2.14,1.46,-2.16,1.44,-1.45,-1.54,-3.60,-3.61,-3.60
46.13,-2.14,1.47,-2.13,1.48,-1.49,-1.57,-3.63,-3.62,-3.61
46.60,-2.09,1.52,-2.10,1.52,-1.52,-1.61,-3.62,-3.62,-3.61
47.06,-2.05,1.57,-2.06,1.56,-1.56,-1.64,-3.61,-3.62,-3.62
47.53,-2.02,1.61,-2.01,1.61,-1.60,-1.68,-3.62,-3.62,-3.63
48.01,-1.97,1.66,-1.98,1.65,-1.65,-1.72,-3.62,-3.63,-3.63
48.49,-1.95,1.70,-1.95,1.70,-1.69,-1.75,-3.64,-3.65,-3.65
48.97,-1.93,1.74,-1.93,1.74,-1.74,-1.78,-3.67,-3.67,-3.67
49.46,-1.90,1.79,-1.90,1.79,-1.79,-1.82,-3.70,-3.69,-3.69
49.96,-1.87,1.84,-1.87,1.84,-1.85,-1.85,-3.72,-3.71,-3.71
50.46,-1.81,1.90,-1.82,1.89,-1.90,-1.88,-3.72,-3.73,-3.71
50.96,-1.78,1.94,-1.77,1.96,-1.96,-1.91,-3.75,-3.73,-3.72
51.47,-1.71,2.03,-1.71,2.02,-2.02,-1.94,-3.74,-3.74,-3.74
51.99,-1.65,2.10,-1.66,2.09,-2.08,-1.97,-3.74,-3.74,-3.75
52.51,-1.60,2.15,-1.60,2.15,-2.14,-2.00,-3.74,-3.74,-3.75
53.03,-1.56,2.20,-1.56,2.20,-2.19,-2.03,-3.75,-3.75,-3.76
53.56,-1.53,2.24,-1.53,2.24,-2.23,-2.06,-3.77,-3.76,-3.77
54.10,-1.50,2.28,-1.50,2.28,-2.27,-2.09,-3.77,-3.77,-3.78
54.64,-1.48,2.31,-1.49,2.30,-2.30,-2.11,-3.78,-3.78,-3.79
55.18,-1.48,2.32,-1.48,2.32,-2.31,-2.14,-3.80,-3.79,-3.80
55.74,-1.48,2.33,-1.48,2.33,-2.33,-2.16,-3.81,-3.81,-3.81
56.29,-1.48,2.33,-1.48,2.33,-2.34,-2.18,-3.82,-3.82,-3.81
56.86,-1.48,2.34,-1.48,2.34,-2.34,-2.20,-3.83,-3.83,-3.82
57.42,-1.48,2.35,-1.49,2.34,-2.35,-2.22,-3.83,-3.84,-3.83
58.00,-1.48,2.35,-1.48,2.35,-2.36,-2.24,-3.84,-3.84,-3.83
58.58,-1.48,2.35,-1.47,2.36,-2.36,-2.26,-3.85,-3.84,-3.83
59.16,-1.45,2.38,-1.46,2.37,-2.37,-2.28,-3.82,-3.83,-3.83
59.76,-1.44,2.39,-1.45,2.38,-2.38,-2.29,-3.82,-3.82,-3.83
60.35,-1.44,2.40,-1.45,2.39,-2.38,-2.30,-3.82,-3.83,-3.84
60.96,-1.46,2.38,-1.46,2.39,-2.39,-2.32,-3.85,-3.85,-3.84
61.57,-1.47,2.39,-1.47,2.39,-2.39,-2.33,-3.86,-3.86,-3.86
62.18,-1.48,2.39,-1.48,2.39,-2.39,-2.34,-3.88,-3.87,-3.87
62.80,-1.48,2.39,-1.48,2.39,-2.39,-2.35,-3.88,-3.88,-3.87
63.43,-1.48,2.40,-1.48,2.39,-2.40,-2.35,-3.88,-3.88,-3.88
64.07,-1.48,2.40,-1.48,2.40,-2.40,-2.36,-3.88,-3.88,-3.88
64.71,-1.48,2.40,-1.48,2.40,-2.40,-2.36,-3.88,-3.88,-3.88
65.35,-1.48,2.40,-1.48,2.40,-2.40,-2.37,-3.88,-3.88,-3.88
66.01,-1.48,2.40,-1.48,2.40,-2.40,-2.37,-3.88,-3.88,-3.88
66.67,-1.48,2.40,-1.48,2.40,-2.40,-2.37,-3.88,-3.88,-3.88
67.33,-1.48,2.40,-1.48,2.40,-2.39,-2.37,-3.87,-3.87,-3.88
68.01,-1.48,2.40,-1.49,2.39,-2.38,-2.36,-3.87,-3.87,-3.88
68.69,-1.50,2.38,-1.51,2.38,-2.38,-2.36,-3.88,-3.88,-3.88
69.37,-1.53,2.35,-1.52,2.36,-2.36,-2.36,-3.90,-3.89,-3.88
70.07,-1.53,2.35,-1.53,2.35,-2.35,-2.35,-3.89,-3.88,-3.88
70.77,-1.53,2.34,-1.53,2.34,-2.34,-2.34,-3.87,-3.87,-3.87
71.48,-1.53,2.34,-1.54,2.33,-2.33,-2.33,-3.86,-3.87,-3.87
72.19,-1.55,2.32,-1.56,2.31,-2.32,-2.33,-3.87,-3.87,-3.87
72.91,-1.58,2.29,-1.57,2.30,-2.30,-2.31,-3.88,-3.87,-3.87
73.64,-1.58,2.29,-1.58,2.29,-2.29,-2.30,-3.87,-3.87,-3.87
74.38,-1.58,2.28,-1.59,2.27,-2.27,-2.29,-3.86,-3.86,-3.86
75.12,-1.59,2.27,-1.60,2.26,-2.26,-2.28,-3.85,-3.85,-3.86
75.87,-1.62,2.23,-1.61,2.24,-2.23,-2.26,-3.86,-3.84,-3.85
76.63,-1.62,2.22,-1.63,2.21,-2.21,-2.25,-3.83,-3.84,-3.84
77.40,-1.64,2.19,-1.65,2.19,-2.19,-2.23,-3.83,-3.83,-3.83
78.17,-1.67,2.16,-1.66,2.16,-2.16,-2.22,-3.83,-3.82,-3.83
78.95,-1.67,2.14,-1.68,2.13,-2.13,-2.20,-3.81,-3.82,-3.81
79.74,-1.70,2.10,-1.70,2.10,-2.11,-2.18,-3.81,-3.81,-3.80
80.54,-1.72,2.07,-1.71,2.08,-2.08,-2.16,-3.81,-3.80,-3.79
81.35,-1.72,2.06,-1.72,2.06,-2.06,-2.14,-3.78,-3.78,-3.78
82.16,-1.72,2.05,-1.73,2.04,-2.04,-2.12,-3.76,-3.77,-3.77
82.98,-1.72,2.03,-1.74,2.02,-2.02,-2.10,-3.74,-3.75,-3.75
83.81,-1.76,1.99,-1.75,2.00,-1.99,-2.08,-3.76,-3.74,-3.75
84.65,-1.76,1.98,-1.76,1.98,-1.97,-2.06,-3.73,-3.73,-3.74
85.50,-1.76,1.96,-1.78,1.95,-1.95,-2.04,-3.71,-3.73,-3.72
86.35,-1.79,1.92,-1.79,1.92,-1.92,-2.02,-3.72,-3.71,-3.71
87.22,-1.81,1.89,-1.80,1.90,-1.90,-2.00,-3.71,-3.70,-3.70
88.09,-1.81,1.88,-1.81,1.87,-1.87,-1.98,-3.68,-3.69,-3.69
88.97,-1.81,1.86,-1.83,1.85,-1.85,-1.96,-3.66,-3.67,-3.67
89.86,-1.84,1.82,-1.84,1.82,-1.83,-1.94,-3.67,-3.66,-3.66
90.76,-1.86,1.80,-1.85,1.80,-1.81,-1.92,-3.67,-3.66,-3.66
91.66,-1.86,1.78,-1.86,1.78,-1.79,-1.89,-3.65,-3.65,-3.64
92.58,-1.86,1.78,-1.86,1.77,-1.77,-1.87,-3.64,-3.64,-3.64
93.51,-1.86,1.76,-1.86,1.76,-1.76,-1.85,-3.62,-3.62,-3.62
94.44,-1.86,1.75,-1.86,1.75,-1.74,-1.83,-3.61,-3.60,-3.61
95.39,-1.86,1.74,-1.86,1.74,-1.73,-1.81,-3.59,-3.60,-3.60
96.34,-1.86,1.74,-1.88,1.72,-1.72,-1.79,-3.58,-3.59,-3.60
97.30,-1.90,1.69,-1.89,1.70,-1.70,-1.77,-3.61,-3.59,-3.59
98.28,-1.90,1.68,-1.90,1.68,-1.69,-1.75,-3.59,-3.59,-3.58
99.26,-1.90,1.67,-1.90,1.67,-1.67,-1.73,-3.57,-3.57,-3.57
100.25,-1.90,1.66,-1.90,1.66,-1.65,-1.71,-3.55,-3.55,-3.56
101.25,-1.90,1.65,-1.91,1.64,-1.63,-1.69,-3.53,-3.54,-3.55
102.27,-1.92,1.62,-1.93,1.62,-1.61,-1.67,-3.54,-3.54,-3.54
103.29,-1.95,1.59,-1.94,1.59,-1.60,-1.65,-3.55,-3.54,-3.54
104.32,-1.95,1.57,-1.95,1.57,-1.58,-1.64,-3.53,-3.54,-3.52
105.37,-1.95,1.56,-1.96,1.56,-1.57,-1.62,-3.52,-3.52,-3.51
106.42,-1.95,1.55,-1.95,1.55,-1.55,-1.60,-3.50,-3.50,-3.50
107.48,-1.95,1.54,-1.95,1.54,-1.53,-1.58,-3.48,-3.48,-3.49
108.56,-1.95,1.54,-1.96,1.53,-1.51,-1.57,-3.47,-3.47,-3.49
109.64,-1.97,1.51,-1.98,1.50,-1.50,-1.55,-3.47,-3.48,-3.48
110.74,-2.00,1.47,-1.99,1.48,-1.49,-1.54,-3.49,-3.48,-3.47
111.85,-2.00,1.46,-2.00,1.46,-1.48,-1.52,-3.48,-3.48,-3.46
112.97,-2.00,1.47,-2.01,1.46,-1.47,-1.51,-3.47,-3.47,-3.47
114.10,-2.00,1.46,-2.00,1.46,-1.46,-1.49,-3.46,-3.45,-3.46
115.24,-2.00,1.46,-2.00,1.46,-1.44,-1.48,-3.45,-3.45,-3.46
116.39,-2.00,1.46,-2.02,1.44,-1.44,-1.47,-3.44,-3.45,-3.46
117.55,-2.04,1.42,-2.03,1.43,-1.43,-1.46,-3.47,-3.46,-3.46
118.73,-2.04,1.42,-2.04,1.42,-1.42,-1.44,-3.47,-3.46,-3.46
119.92,-2.04,1.41,-2.05,1.41,-1.42,-1.43,-3.46,-3.46,-3.45
121.12,-2.04,1.41,-2.04,1.41,-1.41,-1.42,-3.45,-3.45,-3.45
122.33,-2.04,1.41,-2.04,1.40,-1.41,-1.41,-3.45,-3.45,-3.45
123.55,-2.04,1.40,-2.04,1.40,-1.40,-1.41,-3.44,-3.44,-3.44
124.79,-2.04,1.40,-2.04,1.40,-1.40,-1.40,-3.44,-3.44,-3.44
126.03,-2.04,1.40,-2.04,1.40,-1.39,-1.39,-3.44,-3.43,-3.44
127.29,-2.04,1.40,-2.04,1.40,-1.39,-1.38,-3.43,-3.43,-3.44
128.57,-2.04,1.41,-2.06,1.39,-1.38,-1.38,-3.43,-3.44,-3.45
129.85,-2.08,1.37,-2.07,1.38,-1.38,-1.37,-3.46,-3.45,-3.45
131.15,-2.09,1.36,-2.09,1.36,-1.37,-1.37,-3.46,-3.46,-3.45
132.46,-2.09,1.36,-2.10,1.35,-1.37,-1.36,-3.46,-3.46,-3.45
133.79,-2.09,1.35,-2.09,1.35,-1.36,-1.36,-3.45,-3.45,-3.44
135.12,-2.09,1.36,-2.09,1.35,-1.35,-1.35,-3.45,-3.45,-3.45
136.48,-2.09,1.35,-2.09,1.35,-1.35,-1.35,-3.44,-3.44,-3.44
137.84,-2.09,1.35,-2.09,1.36,-1.34,-1.35,-3.43,-3.43,-3.44
139.22,-2.09,1.36,-2.10,1.35,-1.33,-1.35,-3.42,-3.43,-3.45
140.61,-2.11,1.34,-2.11,1.33,-1.32,-1.35,-3.44,-3.44,-3.45
142.02,-2.13,1.30,-2.13,1.31,-1.31,-1.35,-3.45,-3.44,-3.43
143.44,-2.14,1.29,-2.14,1.29,-1.30,-1.35,-3.45,-3.44,-3.43
144.87,-2.14,1.29,-2.14,1.28,-1.29,-1.35,-3.44,-3.44,-3.43
146.32,-2.14,1.29,-2.14,1.28,-1.29,-1.36,-3.43,-3.43,-3.43
147.78,-2.14,1.28,-2.14,1.28,-1.28,-1.36,-3.42,-3.42,-3.42
149.26,-2.14,1.28,-2.14,1.28,-1.28,-1.36,-3.42,-3.42,-3.42
150.75,-2.14,1.29,-2.14,1.28,-1.28,-1.37,-3.42,-3.42,-3.43
152.26,-2.14,1.29,-2.14,1.29,-1.29,-1.37,-3.43,-3.43,-3.43
153.78,-2.14,1.29,-2.14,1.29,-1.29,-1.38,-3.43,-3.43,-3.43
155.32,-2.14,1.30,-2.14,1.29,-1.30,-1.39,-3.44,-3.44,-3.44
156.88,-2.14,1.30,-2.14,1.30,-1.30,-1.39,-3.45,-3.45,-3.44
158.44,-2.14,1.31,-2.14,1.31,-1.31,-1.40,-3.45,-3.45,-3.45
160.03,-2.14,1.32,-2.14,1.32,-1.32,-1.41,-3.46,-3.46,-3.46
161.63,-2.14,1.33,-2.14,1.33,-1.33,-1.42,-3.47,-3.47,-3.47
163.24,-2.14,1.34,-2.14,1.33,-1.33,-1.43,-3.48,-3.48,-3.48
164.88,-2.14,1.34,-2.14,1.34,-1.34,-1.44,-3.48,-3.48,-3.48
166.53,-2.14,1.35,-2.14,1.35,-1.34,-1.45,-3.48,-3.48,-3.49
168.19,-2.14,1.36,-2.15,1.35,-1.34,-1.46,-3.49,-3.49,-3.50
169.87,-2.16,1.35,-2.16,1.35,-1.35,-1.47,-3.51,-3.51,-3.51
171.57,-2.16,1.36,-2.17,1.35,-1.36,-1.48,-3.52,-3.52,-3.52
173.29,-2.18,1.35,-2.18,1.35,-1.37,-1.49,-3.55,-3.55,-3.53
175.02,-2.18,1.36,-2.18,1.36,-1.38,-1.51,-3.56,-3.56,-3.54
176.77,-2.18,1.38,-2.17,1.39,-1.39,-1.52,-3.58,-3.57,-3.56
178.54,-2.15,1.43,-2.16,1.42,-1.41,-1.53,-3.57,-3.57,-3.58
180.32,-2.14,1.45,-2.15,1.44,-1.43,-1.54,-3.57,-3.58,-3.59
182.13,-2.14,1.46,-2.14,1.46,-1.45,-1.55,-3.60,-3.59,-3.60
183.95,-2.14,1.48,-2.14,1.48,-1.47,-1.57,-3.61,-3.61,-3.62
185.79,-2.14,1.49,-2.14,1.49,-1.49,-1.58,-3.63,-3.63,-3.63
187.65,-2.14,1.51,-2.14,1.51,-1.51,-1.59,-3.65,-3.65,-3.65
189.52,-2.14,1.52,-2.14,1.52,-1.52,-1.60,-3.66,-3.66,-3.66
191.42,-2.14,1.53,-2.14,1.53,-1.53,-1.61,-3.67,-3.67,-3.67
193.33,-2.14,1.54,-2.14,1.54,-1.54,-1.62,-3.68,-3.68,-3.68
195.27,-2.14,1.55,-2.14,1.55,-1.55,-1.63,-3.69,-3.69,-3.69
197.22,-2.14,1.56,-2.14,1.56,-1.56,-1.64,-3.70,-3.70,-3.70
199.19,-2.14,1.58,-2.14,1.57,-1.57,-1.64,-3.71,-3.71,-3.72
201.18,-2.14,1.58,-2.14,1.58,-1.58,-1.65,-3.72,-3.72,-3.72
203.19,-2.14,1.58,-2.15,1.58,-1.59,-1.65,-3.73,-3.74,-3.72
205.23,-2.14,1.59,-2.14,1.58,-1.60,-1.66,-3.74,-3.74,-3.73
207.28,-2.14,1.58,-2.13,1.60,-1.61,-1.66,-3.75,-3.73,-3.72
209.35,-2.09,1.64,-2.11,1.62,-1.62,-1.66,-3.71,-3.73,-3.73
211.44,-2.09,1.65,-2.09,1.64,-1.62,-1.66,-3.72,-3.72,-3.74
213.56,-2.09,1.64,-2.09,1.64,-1.63,-1.66,-3.72,-3.72,-3.73
215.69,-2.09,1.63,-2.09,1.63,-1.63,-1.66,-3.73,-3.73,-3.72
217.85,-2.09,1.63,-2.09,1.63,-1.63,-1.65,-3.72,-3.72,-3.72
220.03,-2.09,1.63,-2.09,1.63,-1.63,-1.65,-3.72,-3.72,-3.72
222.23,-2.09,1.63,-2.09,1.62,-1.62,-1.64,-3.71,-3.71,-3.72
224.45,-2.09,1.61,-2.09,1.61,-1.61,-1.63,-3.70,-3.70,-3.70
226.70,-2.09,1.60,-2.09,1.60,-1.60,-1.62,-3.69,-3.69,-3.69
228.96,-2.09,1.59,-2.10,1.58,-1.59,-1.61,-3.69,-3.69,-3.68
231.25,-2.09,1.57,-2.09,1.57,-1.59,-1.60,-3.68,-3.68,-3.66
233.57,-2.09,1.56,-2.08,1.57,-1.58,-1.58,-3.67,-3.66,-3.65
235.90,-2.05,1.59,-2.06,1.58,-1.57,-1.57,-3.63,-3.64,-3.64
238.26,-2.04,1.59,-2.05,1.58,-1.57,-1.55,-3.61,-3.61,-3.63
240.64,-2.04,1.57,-2.04,1.57,-1.56,-1.53,-3.60,-3.60,-3.61
243.05,-2.04,1.55,-2.04,1.55,-1.54,-1.51,-3.59,-3.59,-3.59
245.48,-2.04,1.53,-2.04,1.53,-1.53,-1.49,-3.57,-3.57,-3.57
247.93,-2.04,1.51,-2.04,1.51,-1.51,-1.47,-3.55,-3.55,-3.55
250.41,-2.04,1.50,-2.04,1.49,-1.49,-1.45,-3.53,-3.53,-3.54
252.92,-2.04,1.47,-2.05,1.46,-1.47,-1.43,-3.51,-3.52,-3.51
255.45,-2.04,1.44,-2.04,1.45,-1.45,-1.41,-3.49,-3.49,-3.48
258.00,-2.04,1.42,-2.03,1.43,-1.43,-1.38,-3.48,-3.46,-3.46
260.58,-2.00,1.44,-2.02,1.42,-1.42,-1.36,-3.42,-3.43,-3.44
263.19,-2.00,1.41,-2.01,1.41,-1.40,-1.34,-3.41,-3.41,-3.41
265.82,-2.00,1.39,-2.00,1.39,-1.39,-1.31,-3.39,-3.39,-3.39
268.48,-2.00,1.36,-1.99,1.37,-1.38,-1.29,-3.38,-3.36,-3.36
271.16,-1.96,1.37,-1.97,1.36,-1.36,-1.27,-3.32,-3.33,-3.33
273.87,-1.95,1.36,-1.96,1.35,-1.34,-1.24,-3.30,-3.30,-3.31
276.61,-1.95,1.33,-1.95,1.33,-1.33,-1.22,-3.28,-3.28,-3.28
279.38,-1.95,1.31,-1.95,1.31,-1.31,-1.19,-3.26,-3.26,-3.26
282.17,-1.95,1.29,-1.95,1.28,-1.29,-1.17,-3.24,-3.24,-3.24
284.99,-1.95,1.26,-1.95,1.26,-1.27,-1.15,-3.22,-3.22,-3.21
287.84,-1.94,1.25,-1.94,1.25,-1.25,-1.12,-3.19,-3.19,-3.19
290.72,-1.93,1.23,-1.94,1.23,-1.22,-1.10,-3.16,-3.16,-3.16
293.63,-1.93,1.21,-1.93,1.21,-1.20,-1.08,-3.13,-3.13,-3.14
296.57,-1.93,1.18,-1.93,1.18,-1.18,-1.06,-3.11,-3.11,-3.11
299.53,-1.93,1.16,-1.93,1.16,-1.16,-1.03,-3.09,-3.09,-3.09
302.53,-1.93,1.14,-1.94,1.13,-1.13,-1.01,-3.07,-3.07,-3.07
305.55,-1.93,1.10,-1.93,1.11,-1.11,-0.99,-3.04,-3.04,-3.03
308.61,-1.93,1.08,-1.92,1.08,-1.09,-0.97,-3.02,-3.01,-3.01
311.69,-1.90,1.08,-1.91,1.06,-1.06,-0.95,-2.97,-2.98,-2.98
314.81,-1.90,1.04,-1.90,1.04,-1.04,-0.93,-2.94,-2.94,-2.94
317.96,-1.90,1.02,-1.90,1.02,-1.01,-0.91,-2.92,-2.91,-2.92
321.14,-1.90,1.00,-1.90,1.00,-0.99,-0.90,-2.89,-2.89,-2.90
324.35,-1.90,0.98,-1.90,0.97,-0.97,-0.88,-2.87,-2.87,-2.88
327.59,-1.90,0.95,-1.91,0.95,-0.95,-0.86,-2.85,-2.86,-2.85
330.87,-1.90,0.93,-1.90,0.93,-0.94,-0.84,-2.84,-2.84,-2.83
334.18,-1.90,0.91,-1.89,0.92,-0.92,-0.83,-2.83,-2.82,-2.81
337.52,-1.86,0.93,-1.88,0.91,-0.92,-0.81,-2.78,-2.79,-2.79
340.90,-1.86,0.90,-1.85,0.91,-0.92,-0.80,-2.78,-2.77,-2.76
344.30,-1.81,0.93,-1.82,0.92,-0.92,-0.78,-2.73,-2.74,-2.74
347.75,-1.79,0.93,-1.79,0.93,-0.93,-0.77,-2.72,-2.72,-2.72
351.23,-1.76,0.94,-1.76,0.94,-0.94,-0.75,-2.70,-2.70,-2.70
354.74,-1.73,0.95,-1.73,0.95,-0.95,-0.74,-2.68,-2.68,-2.68
358.28,-1.69,0.97,-1.69,0.97,-0.97,-0.73,-2.66,-2.66,-2.66
361.87,-1.66,0.98,-1.66,0.98,-0.98,-0.71,-2.64,-2.64,-2.64
365.49,-1.62,1.00,-1.63,0.99,-0.99,-0.70,-2.61,-2.62,-2.62
369.14,-1.60,1.01,-1.60,1.01,-1.01,-0.69,-2.61,-2.61,-2.61
372.83,-1.58,1.01,-1.58,1.02,-1.02,-0.68,-2.60,-2.59,-2.59
376.56,-1.54,1.04,-1.55,1.02,-1.02,-0.67,-2.57,-2.58,-2.58
380.33,-1.53,1.02,-1.52,1.03,-1.03,-0.66,-2.56,-2.56,-2.55
384.13,-1.50,1.04,-1.50,1.04,-1.04,-0.65,-2.54,-2.54,-2.54
387.97,-1.48,1.05,-1.49,1.04,-1.04,-0.64,-2.52,-2.53,-2.53
391.85,-1.48,1.04,-1.48,1.03,-1.04,-0.63,-2.52,-2.52,-2.52
395.77,-1.48,1.02,-1.48,1.03,-1.04,-0.62,-2.52,-2.51,-2.50
399.73,-1.47,1.02,-1.46,1.03,-1.03,-0.61,-2.50,-2.49,-2.49
403.72,-1.44,1.04,-1.45,1.02,-1.02,-0.61,-2.47,-2.48,-2.48
407.76,-1.44,1.03,-1.46,1.01,-1.01,-0.60,-2.45,-2.47,-2.47
411.84,-1.48,0.97,-1.46,0.99,-0.99,-0.59,-2.47,-2.45,-2.45
415.96,-1.48,0.96,-1.48,0.96,-0.96,-0.59,-2.45,-2.44,-2.44
420.12,-1.48,0.95,-1.50,0.93,-0.93,-0.58,-2.41,-2.42,-2.43
424.32,-1.52,0.90,-1.53,0.89,-0.88,-0.57,-2.40,-2.41,-2.42
428.56,-1.58,0.83,-1.58,0.83,-0.82,-0.57,-2.40,-2.40,-2.41
432.85,-1.65,0.75,-1.65,0.75,-0.75,-0.56,-2.40,-2.39,-2.40
437.18,-1.71,0.68,-1.71,0.67,-0.67,-0.56,-2.38,-2.38,-2.39
441.55,-1.79,0.58,-1.80,0.58,-0.58,-0.56,-2.37,-2.37,-2.37
445.96,-1.87,0.49,-1.88,0.48,-0.48,-0.55,-2.35,-2.35,-2.36
450.42,-1.98,0.37,-1.97,0.38,-0.37,-0.55,-2.36,-2.34,-2.35
454.93,-2.04,0.29,-2.06,0.28,-0.27,-0.55,-2.32,-2.33,-2.33
459.48,-2.15,0.17,-2.15,0.17,-0.18,-0.54,-2.33,-2.32,-2.32
464.07,-2.22,0.08,-2.22,0.08,-0.09,-0.54,-2.31,-2.31,-2.30
468.71,-2.28,-0.00,-2.28,-0.00,-0.02,-0.54,-2.30,-2.30,-2.28
473.40,-2.32,-0.05,-2.33,-0.06,0.04,-0.54,-2.28,-2.28,-2.27
478.13,-2.36,-0.11,-2.36,-0.11,0.09,-0.54,-2.27,-2.27,-2.25
482.91,-2.37,-0.13,-2.37,-0.13,0.12,-0.53,-2.25,-2.25,-2.24
487.74,-2.37,-0.15,-2.36,-0.14,0.14,-0.53,-2.23,-2.22,-2.22
492.62,-2.33,-0.13,-2.35,-0.14,0.15,-0.53,-2.18,-2.19,-2.20
497.55,-2.32,-0.13,-2.33,-0.14,0.15,-0.53,-2.17,-2.18,-2.19
502.52,-2.31,-0.14,-2.31,-0.13,0.14,-0.53,-2.17,-2.16,-2.17
507.55,-2.28,-0.12,-2.28,-0.12,0.13,-0.53,-2.15,-2.15,-2.16
512.62,-2.25,-0.11,-2.25,-0.11,0.11,-0.54,-2.14,-2.14,-2.14
517.75,-2.20,-0.08,-2.21,-0.09,0.08,-0.54,-2.12,-2.13,-2.12
522.93,-2.17,-0.07,-2.16,-0.06,0.06,-0.54,-2.12,-2.11,-2.10
528.16,-2.11,-0.02,-2.11,-0.02,0.02,-0.54,-2.09,-2.09,-2.09
533.44,-2.05,0.02,-2.06,0.01,-0.01,-0.54,-2.07,-2.07,-2.07
538.77,-1.99,0.06,-1.99,0.06,-0.05,-0.55,-2.05,-2.05,-2.05
544.16,-1.93,0.10,-1.93,0.10,-0.10,-0.55,-2.03,-2.03,-2.03
549.60,-1.86,0.15,-1.87,0.15,-0.14,-0.55,-2.01,-2.01,-2.01
555.10,-1.80,0.20,-1.80,0.19,-0.19,-0.56,-1.99,-1.99,-2.00
560.65,-1.74,0.24,-1.74,0.24,-0.24,-0.56,-1.98,-1.98,-1.98
566.25,-1.68,0.28,-1.68,0.28,-0.29,-0.56,-1.97,-1.97,-1.96
571.92,-1.61,0.34,-1.62,0.33,-0.34,-0.57,-1.95,-1.96,-1.95
577.64,-1.55,0.39,-1.55,0.39,-0.39,-0.57,-1.95,-1.94,-1.94
583.41,-1.47,0.45,-1.47,0.45,-0.45,-0.58,-1.92,-1.92,-1.92
589.25,-1.40,0.50,-1.40,0.50,-0.50,-0.58,-1.90,-1.90,-1.90
595.14,-1.32,0.56,-1.33,0.56,-0.55,-0.59,-1.88,-1.88,-1.88
601.09,-1.26,0.61,-1.26,0.61,-0.60,-0.60,-1.86,-1.86,-1.87
607.10,-1.19,0.66,-1.19,0.66,-0.65,-0.60,-1.84,-1.84,-1.85
613.17,-1.13,0.70,-1.14,0.69,-0.69,-0.61,-1.82,-1.83,-1.83
619.30,-1.09,0.72,-1.09,0.72,-0.73,-0.62,-1.82,-1.82,-1.81
625.50,-1.04,0.75,-1.04,0.75,-0.76,-0.63,-1.80,-1.80,-1.79
631.75,-0.99,0.79,-1.00,0.78,-0.79,-0.64,-1.78,-1.78,-1.78
638.07,-0.95,0.81,-0.95,0.81,-0.81,-0.65,-1.76,-1.76,-1.76
644.45,-0.92,0.83,-0.92,0.83,-0.82,-0.66,-1.74,-1.74,-1.75
650.89,-0.88,0.85,-0.89,0.84,-0.83,-0.67,-1.71,-1.72,-1.73
657.40,-0.88,0.84,-0.88,0.84,-0.83,-0.68,-1.71,-1.71,-1.72
663.98,-0.88,0.82,-0.88,0.82,-0.82,-0.69,-1.70,-1.70,-1.70
670.62,-0.88,0.81,-0.88,0.81,-0.81,-0.70,-1.69,-1.69,-1.69
677.32,-0.88,0.80,-0.88,0.79,-0.79,-0.71,-1.67,-1.67,-1.68
684.10,-0.88,0.79,-0.90,0.77,-0.77,-0.72,-1.65,-1.66,-1.67
690.94,-0.92,0.73,-0.91,0.74,-0.75,-0.73,-1.67,-1.66,-1.65
697.85,-0.92,0.72,-0.92,0.72,-0.73,-0.75,-1.65,-1.65,-1.64
704.83,-0.92,0.71,-0.93,0.70,-0.72,-0.76,-1.64,-1.64,-1.63
711.87,-0.92,0.70,-0.92,0.70,-0.71,-0.77,-1.63,-1.63,-1.62
718.99,-0.90,0.71,-0.90,0.71,-0.71,-0.79,-1.61,-1.61,-1.61
726.18,-0.88,0.72,-0.88,0.72,-0.72,-0.80,-1.60,-1.60,-1.60
733.44,-0.85,0.74,-0.85,0.73,-0.73,-0.82,-1.58,-1.58,-1.59
740.78,-0.82,0.75,-0.82,0.75,-0.76,-0.83,-1.58,-1.58,-1.57
748.19,-0.77,0.79,-0.78,0.78,-0.79,-0.85,-1.56,-1.57,-1.56
755.67,-0.74,0.82,-0.74,0.82,-0.82,-0.87,-1.57,-1.56,-1.56
763.23,-0.68,0.87,-0.69,0.86,-0.87,-0.88,-1.55,-1.55,-1.55
770.86,-0.63,0.91,-0.63,0.91,-0.91,-0.90,-1.54,-1.54,-1.54
778.57,-0.57,0.96,-0.57,0.97,-0.96,-0.92,-1.54,-1.53,-1.53
786.35,-0.49,1.03,-0.50,1.02,-1.02,-0.94,-1.51,-1.52,-1.52
794.22,-0.44,1.08,-0.44,1.08,-1.07,-0.96,-1.51,-1.51,-1.52
802.16,-0.38,1.13,-0.38,1.13,-1.13,-0.98,-1.51,-1.50,-1.51
810.18,-0.31,1.19,-0.32,1.18,-1.19,-1.00,-1.50,-1.51,-1.50
818.28,-0.25,1.25,-0.26,1.24,-1.24,-1.02,-1.50,-1.50,-1.50
826.46,-0.20,1.29,-0.19,1.30,-1.30,-1.04,-1.51,-1.49,-1.49
834.73,-0.12,1.37,-0.13,1.36,-1.36,-1.06,-1.49,-1.49,-1.49
843.08,-0.06,1.42,-0.06,1.42,-1.42,-1.08,-1.48,-1.49,-1.48
851.51,-0.01,1.47,0.00,1.48,-1.48,-1.10,-1.49,-1.48,-1.48
860.02,0.08,1.55,0.06,1.53,-1.54,-1.12,-1.46,-1.47,-1.47
868.62,0.12,1.59,0.12,1.59,-1.59,-1.14,-1.47,-1.47,-1.47
877.31,0.18,1.64,0.18,1.64,-1.64,-1.17,-1.47,-1.46,-1.46
886.08,0.24,1.69,0.23,1.68,-1.69,-1.19,-1.45,-1.46,-1.45
894.94,0.28,1.72,0.27,1.72,-1.72,-1.21,-1.45,-1.45,-1.44
903.89,0.31,1.75,0.32,1.75,-1.75,-1.23,-1.44,-1.43,-1.44
912.93,0.33,1.76,0.34,1.77,-1.76,-1.26,-1.43,-1.42,-1.43
922.06,0.38,1.80,0.35,1.77,-1.76,-1.28,-1.38,-1.41,-1.42
931.28,0.33,1.75,0.34,1.76,-1.74,-1.30,-1.41,-1.40,-1.42
940.59,0.31,1.72,0.31,1.72,-1.70,-1.32,-1.40,-1.40,-1.41
950.00,0.26,1.66,0.26,1.66,-1.66,-1.34,-1.40,-1.40,-1.40
959.50,0.21,1.60,0.21,1.60,-1.60,-1.37,-1.39,-1.39,-1.39
969.09,0.16,1.53,0.15,1.53,-1.54,-1.39,-1.38,-1.38,-1.37
978.78,0.10,1.46,0.10,1.46,-1.47,-1.41,-1.37,-1.37,-1.36
988.57,0.05,1.40,0.05,1.40,-1.40,-1.43,-1.35,-1.34,-1.35
998.46,0.01,1.34,0.00,1.33,-1.33,-1.44,-1.32,-1.33,-1.33
1008.44,-0.04,1.27,-0.04,1.27,-1.26,-1.46,-1.31,-1.31,-1.31
1018.53,-0.09,1.20,-0.08,1.21,-1.21,-1.48,-1.30,-1.30,-1.29
1028.71,-0.11,1.16,-0.12,1.15,-1.17,-1.49,-1.28,-1.28,-1.27
1039.00,-0.13,1.12,-0.13,1.12,-1.13,-1.50,-1.26,-1.26,-1.25
1049.39,-0.13,1.10,-0.13,1.10,-1.11,-1.52,-1.24,-1.24,-1.23
1059.88,-0.12,1.09,-0.12,1.09,-1.10,-1.53,-1.22,-1.22,-1.21
1070.48,-0.09,1.09,-0.09,1.09,-1.10,-1.53,-1.19,-1.18,-1.18
1081.19,-0.03,1.12,-0.04,1.11,-1.11,-1.54,-1.14,-1.15,-1.15
1092.00,0.01,1.13,0.01,1.13,-1.13,-1.54,-1.12,-1.11,-1.12
1102.92,0.07,1.16,0.06,1.15,-1.15,-1.55,-1.08,-1.09,-1.09
1113.95,0.12,1.18,0.12,1.18,-1.18,-1.54,-1.06,-1.06,-1.06
1125.09,0.18,1.20,0.19,1.21,-1.21,-1.54,-1.03,-1.02,-1.02
1136.34,0.26,1.24,0.25,1.23,-1.23,-1.54,-0.98,-0.98,-0.98
1147.70,0.34,1.27,0.33,1.26,-1.26,-1.53,-0.92,-0.93,-0.93
1159.18,0.39,1.28,0.40,1.29,-1.28,-1.52,-0.90,-0.88,-0.89
1170.77,0.47,1.32,0.47,1.31,-1.31,-1.50,-0.84,-0.84,-0.85
1182.48,0.54,1.34,0.53,1.33,-1.33,-1.48,-0.79,-0.80,-0.80
1194.30,0.59,1.34,0.60,1.35,-1.34,-1.46,-0.76,-0.75,-0.75
1206.25,0.66,1.36,0.66,1.36,-1.36,-1.44,-0.70,-0.70,-0.70
1218.31,0.73,1.37,0.72,1.37,-1.37,-1.41,-0.64,-0.65,-0.64
1230.49,0.79,1.38,0.78,1.38,-1.38,-1.38,-0.59,-0.60,-0.59
1242.80,0.84,1.38,0.85,1.39,-1.39,-1.34,-0.55,-0.54,-0.54
1255.22,0.92,1.40,0.91,1.40,-1.40,-1.30,-0.48,-0.48,-0.48
1267.78,0.99,1.41,0.98,1.40,-1.40,-1.26,-0.41,-0.42,-0.42
1280.45,1.05,1.41,1.05,1.41,-1.40,-1.22,-0.35,-0.35,-0.36
1293.26,1.11,1.40,1.10,1.40,-1.40,-1.17,-0.29,-0.30,-0.29
1306.19,1.16,1.39,1.16,1.39,-1.40,-1.11,-0.24,-0.24,-0.23
1319.25,1.22,1.38,1.22,1.38,-1.39,-1.06,-0.17,-0.17,-0.16
1332.45,1.29,1.38,1.28,1.37,-1.38,-1.00,-0.09,-0.10,-0.09
1345.77,1.33,1.35,1.33,1.35,-1.36,-0.93,-0.03,-0.03,-0.02
1359.23,1.36,1.31,1.37,1.32,-1.32,-0.87,0.03,0.05,0.05
1372.82,1.41,1.28,1.41,1.28,-1.27,-0.80,0.13,0.13,0.13
1386.55,1.44,1.24,1.42,1.23,-1.21,-0.72,0.23,0.22,0.20
1400.41,1.41,1.14,1.41,1.14,-1.12,-0.65,0.29,0.30,0.27
1414.42,1.37,1.03,1.36,1.02,-1.00,-0.57,0.37,0.36,0.34
1428.56,1.28,0.86,1.29,0.87,-0.86,-0.48,0.42,0.42,0.42
1442.85,1.20,0.71,1.19,0.71,-0.70,-0.40,0.50,0.50,0.49
1457.28,1.08,0.52,1.08,0.52,-0.51,-0.32,0.57,0.57,0.56
1471.85,0.96,0.33,0.95,0.32,-0.30,-0.23,0.66,0.65,0.63
1486.57,0.80,0.10,0.80,0.10,-0.08,-0.14,0.72,0.72,0.70
1501.43,0.66,-0.12,0.66,-0.12,0.14,-0.06,0.80,0.80,0.78
1516.45,0.52,-0.35,0.52,-0.35,0.35,0.03,0.87,0.87,0.87
1531.61,0.41,-0.54,0.39,-0.56,0.54,0.11,0.95,0.93,0.95
1546.93,0.28,-0.76,0.29,-0.75,0.70,0.20,0.98,0.99,1.04
1562.40,0.23,-0.90,0.24,-0.89,0.83,0.28,1.06,1.07,1.13
1578.02,0.24,-0.98,0.23,-0.98,0.93,0.35,1.16,1.16,1.22
1593.80,0.29,-1.01,0.29,-1.01,0.98,0.42,1.27,1.28,1.30
1609.74,0.39,-1.01,0.39,-1.01,1.01,0.49,1.40,1.40,1.40
1625.84,0.52,-0.98,0.51,-0.99,1.01,0.56,1.53,1.52,1.50
1642.10,0.65,-0.95,0.64,-0.96,0.99,0.62,1.64,1.63,1.60
1658.52,0.76,-0.95,0.76,-0.94,0.96,0.67,1.72,1.73,1.71
1675.10,0.89,-0.92,0.89,-0.92,0.93,0.73,1.82,1.82,1.81
1691.85,1.01,-0.90,1.01,-0.90,0.90,0.78,1.91,1.91,1.91
1708.77,1.15,-0.87,1.14,-0.88,0.88,0.82,2.03,2.02,2.02
1725.86,1.26,-0.87,1.27,-0.86,0.86,0.87,2.12,2.13,2.13
1743.12,1.40,-0.85,1.40,-0.85,0.85,0.92,2.25,2.25,2.25
1760.55,1.53,-0.83,1.53,-0.84,0.84,0.97,2.37,2.37,2.36
1778.15,1.66,-0.82,1.65,-0.83,0.84,1.02,2.50,2.49,2.48
1795.94,1.75,-0.84,1.75,-0.84,0.85,1.07,2.60,2.60,2.59
1813.90,1.85,-0.86,1.85,-0.86,0.87,1.12,2.71,2.71,2.71
1832.03,1.94,-0.89,1.94,-0.89,0.89,1.17,2.83,2.83,2.83
1850.36,2.03,-0.93,2.03,-0.92,0.92,1.23,2.95,2.95,2.96
1868.86,2.13,-0.95,2.12,-0.96,0.96,1.29,3.08,3.07,3.08
1887.55,2.20,-1.00,2.20,-1.00,1.00,1.35,3.19,3.19,3.20
1906.42,2.27,-1.05,2.27,-1.05,1.04,1.41,3.31,3.32,3.32
1925.49,2.35,-1.10,2.35,-1.10,1.09,1.48,3.44,3.44,3.45
1944.74,2.43,-1.15,2.42,-1.16,1.14,1.55,3.57,3.57,3.58
1964.19,2.50,-1.21,2.50,-1.21,1.21,1.62,3.71,3.71,3.71
1983.83,2.55,-1.28,2.56,-1.27,1.28,1.69,3.83,3.84,3.83
2003.67,2.62,-1.34,2.59,-1.36,1.38,1.76,3.99,3.97,3.96
2023.71,2.59,-1.47,2.60,-1.47,1.48,1.83,4.07,4.08,4.06
2043.94,2.57,-1.60,2.58,-1.59,1.61,1.90,4.17,4.18,4.17
2064.38,2.55,-1.73,2.53,-1.74,1.75,1.97,4.30,4.28,4.28
2085.03,2.48,-1.90,2.48,-1.90,1.92,2.04,4.39,4.40,4.38
2105.88,2.41,-2.08,2.42,-2.07,2.10,2.11,4.51,4.52,4.49
2126.94,2.34,-2.25,2.33,-2.26,2.30,2.17,4.64,4.63,4.59
2148.20,2.25,-2.45,2.24,-2.46,2.50,2.23,4.74,4.74,4.70
2169.69,2.14,-2.66,2.14,-2.66,2.68,2.28,4.81,4.82,4.80
2191.38,2.06,-2.84,2.04,-2.86,2.83,2.33,4.89,4.87,4.90
2213.30,1.98,-3.02,1.99,-3.02,2.95,2.37,4.92,4.93,5.00
2235.43,1.98,-3.13,2.01,-3.10,3.02,2.40,4.99,5.02,5.11
2257.78,2.11,-3.10,2.10,-3.11,3.04,2.43,5.14,5.13,5.21
2280.36,2.28,-3.02,2.26,-3.04,3.00,2.44,5.28,5.26,5.30
2303.17,2.47,-2.93,2.48,-2.93,2.92,2.45,5.38,5.39,5.40
2326.20,2.71,-2.79,2.71,-2.79,2.79,2.45,5.50,5.51,5.50
2349.46,2.98,-2.62,2.97,-2.62,2.64,2.45,5.62,5.61,5.60
2372.95,3.24,-2.44,3.23,-2.45,2.48,2.43,5.71,5.71,5.68
2396.68,3.48,-2.28,3.48,-2.28,2.31,2.41,5.79,5.79,5.76
2420.65,3.70,-2.13,3.70,-2.13,2.15,2.38,5.85,5.86,5.83
2444.86,3.92,-1.99,3.91,-2.00,2.01,2.35,5.93,5.92,5.91
2469.31,4.11,-1.87,4.10,-1.88,1.87,2.31,5.98,5.98,5.98
2494.00,4.27,-1.79,4.28,-1.78,1.76,2.26,6.03,6.04,6.06
2518.94,4.44,-1.69,4.44,-1.69,1.67,2.22,6.11,6.11,6.13
2544.13,4.58,-1.61,4.58,-1.61,1.61,2.17,6.18,6.18,6.19
2569.57,4.70,-1.55,4.70,-1.55,1.58,2.12,6.28,6.28,6.25
2595.27,4.78,-1.54,4.78,-1.54,1.59,2.06,6.37,6.37,6.32
2621.22,4.83,-1.55,4.81,-1.57,1.64,2.01,6.47,6.45,6.38
2647.43,4.79,-1.65,4.79,-1.65,1.72,1.96,6.51,6.51,6.44
2673.90,4.72,-1.78,4.71,-1.78,1.83,1.91,6.55,6.54,6.50
2700.64,4.62,-1.93,4.62,-1.94,1.95,1.86,6.57,6.57,6.55
2727.65,4.51,-2.10,4.51,-2.09,2.06,1.81,6.57,6.58,6.61
2754.93,4.46,-2.20,4.44,-2.22,2.15,1.76,6.61,6.59,6.66
2782.48,4.39,-2.32,4.42,-2.29,2.20,1.72,6.59,6.62,6.71
2810.30,4.47,-2.29,4.46,-2.29,2.21,1.67,6.67,6.67,6.76
2838.40,4.58,-2.22,4.57,-2.23,2.16,1.63,6.74,6.73,6.80
2866.79,4.74,-2.09,4.74,-2.09,2.06,1.59,6.80,6.81,6.83
2895.46,4.94,-1.93,4.94,-1.93,1.93,1.56,6.86,6.86,6.87
2924.41,5.16,-1.74,5.16,-1.74,1.77,1.52,6.93,6.93,6.90
2953.65,5.37,-1.56,5.37,-1.56,1.61,1.49,6.97,6.97,6.93
2983.19,5.58,-1.39,5.57,-1.40,1.45,1.46,7.03,7.01,6.97
3013.02,5.73,-1.27,5.73,-1.27,1.31,1.43,7.04,7.05,7.00
3043.15,5.88,-1.16,5.88,-1.16,1.20,1.40,7.07,7.07,7.04
3073.58,5.99,-1.08,5.99,-1.09,1.10,1.37,7.09,7.09,7.07
3104.32,6.08,-1.03,6.07,-1.04,1.02,1.35,7.10,7.10,7.11
3135.36,6.14,-1.00,6.14,-1.00,0.97,1.32,7.10,7.11,7.14
3166.72,6.20,-0.97,6.20,-0.96,0.92,1.29,7.12,7.12,7.17
3198.38,6.26,-0.92,6.26,-0.93,0.90,1.26,7.16,7.16,7.18
3230.37,6.30,-0.90,6.31,-0.89,0.90,1.23,7.20,7.21,7.20
3262.67,6.34,-0.87,6.33,-0.88,0.93,1.20,7.26,7.26,7.21
3295.30,6.34,-0.89,6.33,-0.90,0.98,1.16,7.31,7.30,7.23
3328.25,6.27,-0.97,6.27,-0.97,1.05,1.13,7.32,7.32,7.24
3361.53,6.18,-1.07,6.17,-1.08,1.13,1.09,7.31,7.30,7.25
3395.15,6.03,-1.22,6.04,-1.21,1.21,1.05,7.24,7.25,7.25
3429.10,5.92,-1.33,5.91,-1.33,1.28,1.01,7.20,7.19,7.25
3463.39,5.82,-1.42,5.83,-1.42,1.32,0.96,7.14,7.15,7.24
3498.03,5.80,-1.44,5.81,-1.43,1.33,0.91,7.12,7.14,7.24
3533.01,5.86,-1.38,5.87,-1.37,1.29,0.87,7.15,7.16,7.24
3568.34,5.99,-1.24,5.98,-1.24,1.22,0.82,7.21,7.20,7.23
3604.02,6.12,-1.08,6.11,-1.10,1.12,0.77,7.24,7.23,7.20
3640.06,6.23,-0.95,6.22,-0.96,0.99,0.72,7.22,7.22,7.18
3676.46,6.32,-0.84,6.33,-0.83,0.87,0.67,7.18,7.19,7.16
3713.22,6.41,-0.72,6.41,-0.72,0.75,0.62,7.16,7.17,7.13
3750.36,6.49,-0.62,6.48,-0.63,0.67,0.57,7.16,7.15,7.11
3787.86,6.52,-0.55,6.51,-0.56,0.61,0.52,7.13,7.12,7.07
3825.74,6.51,-0.52,6.51,-0.52,0.57,0.48,7.08,7.08,7.03
3864.00,6.48,-0.51,6.48,-0.51,0.54,0.43,7.02,7.02,6.99
3902.64,6.44,-0.51,6.42,-0.54,0.51,0.39,6.95,6.93,6.95
3941.66,6.37,-0.55,6.37,-0.54,0.47,0.35,6.84,6.84,6.92
3981.08,6.33,-0.55,6.36,-0.51,0.42,0.32,6.75,6.78,6.88
4020.89,6.41,-0.42,6.40,-0.43,0.36,0.28,6.77,6.77,6.83
4061.10,6.48,-0.29,6.47,-0.30,0.30,0.25,6.78,6.77,6.77
4101.71,6.56,-0.15,6.54,-0.17,0.22,0.23,6.78,6.77,6.71
4142.73,6.58,-0.08,6.57,-0.08,0.14,0.20,6.72,6.72,6.66
4184.15,6.58,-0.02,6.58,-0.02,0.06,0.18,6.64,6.64,6.60
4226.00,6.55,0.01,6.55,0.01,-0.01,0.17,6.54,6.54,6.54
4268.26,6.53,0.05,6.53,0.05,-0.07,0.16,6.46,6.46,6.48
4310.94,6.49,0.09,6.50,0.10,-0.11,0.15,6.38,6.39,6.40
4354.05,6.48,0.16,6.47,0.15,-0.14,0.14,6.34,6.33,6.32
4397.59,6.44,0.19,6.44,0.19,-0.17,0.14,6.26,6.26,6.25
4441.56,6.40,0.23,6.39,0.22,-0.21,0.14,6.18,6.18,6.17
4485.98,6.34,0.25,6.34,0.25,-0.27,0.14,6.07,6.07,6.09
4530.84,6.30,0.29,6.29,0.28,-0.33,0.15,5.97,5.96,6.01
4576.15,6.25,0.33,6.26,0.34,-0.40,0.16,5.85,5.86,5.92
4621.91,6.25,0.41,6.26,0.43,-0.47,0.18,5.78,5.80,5.84
4668.13,6.29,0.54,6.27,0.52,-0.53,0.20,5.76,5.74,5.75
4714.81,6.28,0.62,6.27,0.61,-0.58,0.22,5.70,5.69,5.66
4761.96,6.22,0.64,6.22,0.65,-0.61,0.24,5.61,5.62,5.58
4809.58,6.13,0.65,6.12,0.64,-0.60,0.27,5.53,5.52,5.48
4857.67,5.98,0.59,5.97,0.58,-0.54,0.30,5.43,5.42,5.39
4906.25,5.77,0.47,5.78,0.48,-0.44,0.33,5.32,5.34,5.30
4955.31,5.53,0.33,5.54,0.33,-0.30,0.36,5.23,5.24,5.20
5004.87,5.27,0.16,5.25,0.13,-0.11,0.40,5.16,5.14,5.11
5054.91,4.90,-0.13,4.90,-0.13,0.12,0.44,5.01,5.01,5.03
5105.46,4.50,-0.45,4.49,-0.46,0.36,0.48,4.86,4.85,4.95
5156.52,4.05,-0.83,4.05,-0.83,0.64,0.52,4.68,4.69,4.88
5208.08,3.61,-1.19,3.60,-1.20,0.93,0.56,4.54,4.53,4.80
5260.16,3.17,-1.55,3.18,-1.54,1.22,0.61,4.39,4.40,4.72
5312.77,2.80,-1.84,2.81,-1.83,1.48,0.66,4.28,4.29,4.64
5365.89,2.53,-2.03,2.52,-2.04,1.70,0.70,4.23,4.22,4.56
5419.55,2.32,-2.16,2.32,-2.16,1.87,0.75,4.18,4.19,4.48
5473.75,2.20,-2.21,2.20,-2.20,1.98,0.80,4.18,4.18,4.41
5528.49,2.15,-2.18,2.15,-2.18,2.04,0.85,4.19,4.19,4.33
5583.77,2.16,-2.09,2.16,-2.10,2.06,0.90,4.21,4.22,4.25
5639.61,2.20,-1.99,2.20,-1.99,2.04,0.95,4.23,4.24,4.19
5696.00,2.24,-1.88,2.25,-1.88,1.99,1.01,4.23,4.24,4.12
5752.96,2.28,-1.78,2.27,-1.79,1.92,1.06,4.20,4.20,4.06
5810.49,2.27,-1.73,2.26,-1.74,1.84,1.11,4.11,4.10,4.00
5868.60,2.22,-1.72,2.21,-1.73,1.74,1.16,3.96,3.96,3.94
5927.28,2.15,-1.73,2.16,-1.72,1.66,1.21,3.80,3.82,3.88
5986.56,2.12,-1.69,2.15,-1.66,1.55,1.26,3.67,3.70,3.81
6046.42,2.19,-1.54,2.20,-1.53,1.43,1.31,3.62,3.63,3.73
6106.89,2.32,-1.32,2.30,-1.34,1.28,1.36,3.60,3.59,3.64
6167.96,2.45,-1.10,2.43,-1.13,1.12,1.41,3.56,3.54,3.55
6229.64,2.58,-0.88,2.54,-0.93,0.94,1.46,3.52,3.48,3.46
6291.93,2.70,-0.67,2.63,-0.75,0.77,1.50,3.47,3.40,3.37
6354.85,2.80,-0.49,2.71,-0.60,0.63,1.55,3.43,3.34,3.29
6418.40,2.90,-0.31,2.73,-0.49,0.55,1.59,3.45,3.28,3.21
6482.58,2.94,-0.20,2.70,-0.45,0.53,1.63,3.47,3.23,3.14
6547.41,2.90,-0.16,2.58,-0.50,0.58,1.67,3.48,3.16,3.06
6612.88,2.78,-0.20,2.37,-0.63,0.70,1.71,3.48,3.07,2.98
6679.01,2.56,-0.34,2.08,-0.83,0.87,1.75,3.43,2.95,2.90
6745.80,2.30,-0.52,1.75,-1.08,1.08,1.78,3.38,2.83,2.82
6813.26,1.97,-0.76,1.39,-1.34,1.31,1.82,3.28,2.71,2.73
6881.39,1.63,-1.00,1.04,-1.59,1.55,1.85,3.18,2.60,2.63
6950.21,1.25,-1.29,0.72,-1.82,1.77,1.88,3.02,2.49,2.54
7019.71,0.87,-1.58,0.43,-2.01,1.96,1.90,2.83,2.39,2.45
7089.91,0.52,-1.84,0.18,-2.15,2.11,1.93,2.62,2.29,2.36
7160.81,0.18,-2.08,-0.02,-2.24,2.20,1.95,2.38,2.19,2.26
7232.41,-0.09,-2.24,-0.17,-2.28,2.26,1.98,2.16,2.09,2.15
7304.74,-0.29,-2.33,-0.28,-2.28,2.27,2.00,1.98,1.99,2.04
7377.79,-0.41,-2.34,-0.36,-2.25,2.24,2.02,1.83,1.88,1.93
7451.56,-0.46,-2.28,-0.43,-2.19,2.20,2.04,1.73,1.77,1.82
7526.08,-0.46,-2.17,-0.48,-2.13,2.13,2.05,1.67,1.66,1.71
7601.34,-0.46,-2.07,-0.53,-2.05,2.07,2.07,1.61,1.54,1.61
7677.35,-0.41,-1.92,-0.58,-1.99,2.01,2.08,1.59,1.43,1.51
7754.13,-0.39,-1.80,-0.64,-1.93,1.96,2.10,1.56,1.31,1.41
7831.67,-0.32,-1.63,-0.73,-1.90,1.92,2.11,1.60,1.19,1.31
7909.98,-0.20,-1.41,-0.84,-1.88,1.90,2.12,1.70,1.06,1.21
7989.08,-0.09,-1.20,-0.97,-1.89,1.90,2.13,1.81,0.93,1.11
8068.98,0.07,-0.93,-1.12,-1.91,1.92,2.14,1.98,0.80,1.00
8149.67,0.25,-0.64,-1.28,-1.94,1.95,2.15,2.20,0.67,0.89
8231.16,0.36,-0.41,-1.45,-1.99,1.99,2.16,2.35,0.54,0.77
8313.47,0.27,-0.39,-1.63,-2.04,2.04,2.17,2.31,0.41,0.66
8396.61,-0.11,-0.66,-1.81,-2.10,2.09,2.17,1.98,0.28,0.55
8480.57,-0.54,-0.98,-1.99,-2.15,2.14,2.18,1.59,0.15,0.44
8565.38,-1.28,-1.59,-2.16,-2.19,2.18,2.19,0.90,0.02,0.31
8651.03,-2.24,-2.42,-2.32,-2.22,2.21,2.20,-0.03,-0.10,0.18
8737.54,-3.30,-3.35,-2.47,-2.25,2.24,2.20,-1.06,-0.23,0.05
8824.92,-4.59,-4.51,-2.60,-2.26,2.26,2.21,-2.34,-0.35,-0.08
8913.17,-6.06,-5.85,-2.73,-2.27,2.26,2.21,-3.80,-0.47,-0.21
9002.30,-7.55,-7.22,-2.85,-2.26,2.27,2.21,-5.29,-0.59,-0.33
9092.32,-9.02,-8.54,-2.97,-2.26,2.26,2.21,-6.76,-0.70,-0.48
9183.25,-10.26,-9.63,-3.08,-2.25,2.25,2.21,-8.01,-0.82,-0.63
9275.08,-11.11,-10.33,-3.18,-2.24,2.24,2.21,-8.87,-0.94,-0.78
9367.83,-11.30,-10.38,-3.29,-2.22,2.23,2.20,-9.08,-1.06,-0.92
9461.51,-10.54,-9.47,-3.39,-2.21,2.21,2.20,-8.34,-1.18,-1.07
9556.12,-9.45,-8.22,-3.48,-2.18,2.18,2.19,-7.27,-1.29,-1.23
9651.68,-8.11,-6.70,-3.56,-2.16,2.15,2.17,-5.96,-1.40,-1.41
9748.20,-6.69,-5.11,-3.62,-2.12,2.12,2.15,-4.58,-1.51,-1.58
9845.68,-5.29,-3.53,-3.68,-2.07,2.07,2.13,-3.22,-1.61,-1.76
9944.14,-4.07,-2.14,-3.74,-2.03,2.02,2.10,-2.05,-1.71,-1.93
10043.58,-3.14,-1.04,-3.79,-1.98,1.97,2.06,-1.17,-1.82,-2.10
10144.02,-2.39,-0.12,-3.89,-1.91,1.91,2.02,-0.48,-1.98,-2.27
10245.46,-1.93,0.51,-4.00,-1.84,1.84,1.97,-0.09,-2.15,-2.44
10347.91,-1.72,0.89,-4.10,-1.77,1.77,1.92,0.05,-2.33,-2.61
10451.39,-1.97,0.81,-4.20,-1.70,1.70,1.86,-0.27,-2.50,-2.78
10555.91,-2.35,0.60,-4.31,-1.62,1.62,1.80,-0.73,-2.68,-2.95
10661.46,-2.78,0.35,-4.41,-1.54,1.54,1.72,-1.24,-2.86,-3.13
10768.08,-3.24,0.09,-4.51,-1.46,1.46,1.65,-1.78,-3.05,-3.33
10875.76,-3.61,-0.09,-4.61,-1.38,1.38,1.56,-2.24,-3.24,-3.52
10984.52,-3.82,-0.10,-4.71,-1.29,1.29,1.47,-2.53,-3.42,-3.72
11094.36,-3.77,0.15,-4.81,-1.20,1.20,1.38,-2.57,-3.62,-3.92
11205.31,-3.67,0.44,-4.92,-1.11,1.11,1.28,-2.57,-3.81,-4.11
11317.36,-3.53,0.80,-5.02,-1.01,1.01,1.17,-2.52,-4.01,-4.33
11430.53,-3.62,0.93,-5.12,-0.91,0.91,1.07,-2.71,-4.20,-4.55
11544.84,-3.91,0.85,-5.22,-0.81,0.81,0.96,-3.10,-4.40,-4.76
11660.29,-4.13,0.85,-5.31,-0.71,0.71,0.84,-3.42,-4.61,-4.98
11776.89,-4.41,0.79,-5.41,-0.60,0.60,0.73,-3.81,-4.81,-5.20
11894.66,-4.44,0.95,-5.51,-0.49,0.49,0.61,-3.95,-5.02,-5.39
12013.60,-4.20,1.39,-5.61,-0.38,0.38,0.49,-3.82,-5.23,-5.59
12133.74,-3.82,1.96,-5.71,-0.27,0.27,0.37,-3.56,-5.44,-5.78
12255.08,-3.44,2.53,-5.81,-0.15,0.15,0.25,-3.29,-5.66,-5.97
12377.63,-3.05,3.11,-5.90,-0.03,0.03,0.13,-3.02,-5.87,-6.16
12501.41,-2.73,3.62,-6.00,0.09,-0.09,0.01,-2.83,-6.09,-6.35
12626.42,-2.43,4.11,-6.10,0.22,-0.22,-0.11,-2.65,-6.32,-6.54
12752.68,-2.18,4.55,-6.19,0.35,-0.35,-0.23,-2.53,-6.54,-6.73
12880.21,-1.99,4.93,-6.29,0.48,-0.48,-0.35,-2.47,-6.77,-6.92
13009.01,-1.98,5.13,-6.38,0.61,-0.61,-0.47,-2.59,-7.00,-7.11
13139.10,-2.37,4.93,-6.48,0.75,-0.75,-0.59,-3.12,-7.23,-7.30
13270.49,-3.05,4.43,-6.57,0.89,-0.89,-0.72,-3.94,-7.46,-7.48
13403.20,-3.98,3.65,-6.67,1.03,-1.03,-0.84,-5.01,-7.70,-7.63
13537.23,-5.00,2.79,-6.76,1.17,-1.17,-0.96,-6.18,-7.94,-7.79
13672.60,-5.92,2.03,-6.85,1.32,-1.32,-1.09,-7.24,-8.18,-7.95
13809.33,-6.70,1.41,-6.95,1.47,-1.47,-1.21,-8.17,-8.42,-8.11
13947.42,-7.24,1.03,-7.04,1.62,-1.62,-1.33,-8.87,-8.66,-8.27
14086.90,-7.76,0.66,-7.13,1.78,-1.78,-1.46,-9.54,-8.91,-8.42
14227.77,-8.33,0.22,-7.23,1.94,-1.94,-1.59,-10.27,-9.16,-8.55
14370.04,-9.16,-0.47,-7.32,2.10,-2.10,-1.72,-11.26,-9.42,-8.69
14513.74,-10.21,-1.38,-7.41,2.26,-2.26,-1.85,-12.47,-9.67,-8.83
14658.88,-11.55,-2.59,-7.50,2.43,-2.43,-1.99,-13.98,-9.93,-8.96
14805.47,-12.89,-3.79,-7.59,2.60,-2.60,-2.12,-15.49,-10.19,-9.10
14953.52,-14.13,-4.89,-7.68,2.77,-2.77,-2.26,-16.90,-10.45,-9.24
15103.06,-15.05,-5.64,-7.77,2.94,-2.94,-2.41,-18.00,-10.71,-9.41
15254.09,-15.28,-5.69,-7.86,3.12,-3.12,-2.56,-18.40,-10.98,-9.59
15406.63,-14.45,-4.68,-7.95,3.30,-3.30,-2.71,-17.75,-11.25,-9.77
15560.70,-13.14,-3.18,-8.04,3.48,-3.48,-2.87,-16.63,-11.52,-9.96
15716.30,-11.56,-1.42,-8.13,3.67,-3.67,-3.03,-15.23,-11.80,-10.14
15873.47,-9.94,0.38,-8.21,3.86,-3.86,-3.20,-13.80,-12.07,-10.32
16032.20,-8.27,2.26,-8.30,4.05,-4.05,-3.37,-12.32,-12.35,-10.53
16192.52,-6.87,3.95,-8.39,4.24,-4.24,-3.55,-11.12,-12.63,-10.82
16354.45,-5.84,5.27,-8.48,4.44,-4.44,-3.74,-10.28,-12.92,-11.11
16517.99,-5.05,6.35,-8.56,4.64,-4.64,-3.94,-9.69,-13.20,-11.40
16683.17,-4.56,7.13,-8.65,4.84,-4.84,-4.14,-9.40,-13.49,-11.69
16850.01,-4.40,7.58,-8.74,5.05,-5.05,-4.36,-9.45,-13.78,-11.98
17018.51,-4.72,7.57,-8.82,5.25,-5.25,-4.58,-9.98,-14.07,-12.29
17188.69,-5.23,7.54,-8.91,5.46,-5.46,-4.82,-10.70,-14.37,-12.77
17360.58,-5.89,7.35,-8.99,5.68,-5.68,-5.06,-11.57,-14.67,-13.24
17534.18,-6.62,7.10,-9.08,5.89,-5.89,-5.32,-12.51,-14.97,-13.72
17709.53,-7.26,6.93,-9.16,6.11,-6.11,-5.58,-13.37,-15.27,-14.19
17886.62,-7.81,6.86,-9.24,6.33,-6.33,-5.86,-14.14,-15.57,-14.67
18065.49,-8.16,7.08,-9.33,6.56,-6.56,-6.15,-14.72,-15.88,-15.24
18246.14,-8.38,7.60,-9.41,6.78,-6.78,-6.44,-15.16,-16.19,-15.98
18428.60,-8.49,8.23,-9.49,7.01,-7.01,-6.74,-15.50,-16.50,-16.72
18612.89,-8.61,8.86,-9.57,7.24,-7.24,-7.04,-15.86,-16.82,-17.47
18799.02,-8.98,9.23,-9.66,7.48,-7.48,-7.34,-16.46,-17.13,-18.21
18987.01,-9.54,9.41,-9.74,7.72,-7.72,-7.61,-17.26,-17.45,-18.95
19176.88,-10.42,9.57,-9.82,7.96,-7.96,-7.86,-18.38,-17.77,-19.99
19368.65,-11.57,9.49,-9.90,8.20,-8.20,-8.05,-19.77,-18.10,-21.06
19562.33,-12.59,9.53,-9.98,8.44,-8.44,-8.17,-21.04,-18.42,-22.12
19757.96,-13.58,9.61,-10.06,8.69,-8.69,-8.17,-22.27,-18.75,-23.19
19955.54,-14.29,9.96,-10.14,8.94,-8.94,-8.04,-23.24,-19.08,-24.25
